Manufacturer,Name,Category,URL
Astell&Kern,KANN ALPHA,Portable Player,https://www.astellnkern.com/eng/content/shop/features.asp?mcg=CG110000&mpos=0&scg=CG210210&spos=3&tcg=&tpos=0&gcode=SC36280
Astell&Kern,Astell&Kern SA700,Portable Player,https://www.astellnkern.com/eng/content/shop/features.asp?mcg=CG110000&mpos=0&scg=CG210240&spos=4&tcg=&tpos=0&gcode=SC35860
Astell&Kern,A&norma SR25,Portable Player,https://us.astellnkern.com/products/a-norma-sr25?variant=33223129137211
Astell&Kern,A&futura SE200,Portable Player,https://www.astellnkern.com/eng/content/shop/features.asp?mcg=CG110000&mpos=0&scg=CG231960&spos=1&tcg=&tpos=0&gcode=SC36100
Astell&Kern, ACTIVO CT15,Portable Player,https://detail.tmall.com/item.htm?spm=a1z10.1-b-s.w15945947-21984719966.1.69764477Jl1puy&id=609801152560&sku_properties=20105:103646;5919063:6536025
Astell&Kern,KANN Cube,Portable Player,https://www.astellnkern.com/eng/content/shop/features.asp?mcg=CG110000&mpos=0&scg=CG210210&spos=3&tcg=&tpos=0&gcode=SC35560
Astell&Kern,A&ultima SP2000,Portable Player,https://us.astellnkern.com/products/a-ultima-sp2000
Astell&Kern, A&futura SE100,Portable Player,https://us.astellnkern.com/collections/portables/products/a-futura-se100
Astell&Kern, A&ultima SP1000M,Portable Player,https://us.astellnkern.com/collections/portables/products/a-ultima-sp1000m
Astell&Kern, A&norma SR15,Portable Player,https://us.astellnkern.com/products/a-norma-sr15
Astell&Kern, Activo CT10,Portable Player,https://www.activostyle.com/product
Cayin, Cayin N6ii Series,Portable Players,https://en.cayin.cn/products_info?itemid=129
Cayin,Cayin N8 series,Portable Players,https://en.cayin.cn/products_info?itemid=115
FiiO,FiiO M15,Portable Player,https://www.fiio.com/m15
FiiO,FiiO M11 Pro,Portable Player,https://www.fiio.com/m11pro
FiiO,FiiO M11,Portable Player,https://www.fiio.com/m11
HiBy Music,HiBy Music R8,Portable Player,https://store.hiby.com/products/hiby-r8
HiBy Music,HiBy Music R3 Pro,Portable Player,https://store.hiby.com/products/hiby-r3-pro
HiBy Music,HiBy Music R5,Portable Player,https://store.hiby.com/products/hiby-r5
HiBy Music,HiBy Music R3,Portable Player,https://store.hiby.com/blogs/press/hiby-introduces-mqa-to-the-r3-portable-music-player
HiBy Music,HiBy Music R6 Pro,Portable Player,https://store.hiby.com/products/hiby-r6-pro
HiBy Music,HiBy Music R6,Portable Player,https://store.hiby.com/products/r6
iBasso Audio,iBasso DX220,Portable Player,http://www.ibasso.com/cp_xq_dy.php?id=8401#page14
iBasso Audio,iBasso DX160,Portable Player,http://www.ibasso.com/cp_xq_dy.php?id=10759#page8
Kontinum,Kontinum K100,Portable Player,http://kontinumlimited.com/bbs/board.php?bo_table=tl_product02&wr_id=8
ONKYO,Onkyo TX-8390,Network Stereo Receiver,https://eu.onkyo.com/en-GB/brands/onkyo/tx-8390-b/p/243989
ONKYO,Onkyo CR-N775D,Network CD Receiver,https://eu.onkyo.com/en-GLOBAL/c/cr-n775d/p/156406
ONKYO," OnkyoR-N855, TX-8250, TX-8260, TX-8270",Network Stereo Receivers,https://www.eu.onkyo.com/en/amplifier-receiver-348.html
ONKYO," OnkyoNS-6130, NS-6170",Network Audio Players,https://www.eu.onkyo.com/en/network-audio-player-132973.html
ONKYO, Onkyo range,Portable Players,http://www.uk.onkyo.com/en/portable-audio-324.html
PIONEER,Pioneer PD-50AE,CD player,https://www.pioneer-audiovisual.eu/eu/products/pd-50ae
PIONEER,Pioneer range,Portable Players,http://xdp-100r.pioneer-audiovisual.eu/
PIONEER, Pioneer XDP-30R,Compact Portable Player,https://www.pioneer-audiovisual.eu/eu/products/xdp-30r
PIONEER," PioneerN-30AE, N-50AE,N-70AE",Network Audio Players,https://www.pioneer-audiovisual.eu/eu/network-audio-player
PIONEER, PioneerSX-N30AE,Network Audio Receiver,https://www.pioneer-audiovisual.eu/eu/products/sx-n30ae
PIONEER, Pioneer NC-50A & NC-50DAB,Network Audio & CD Players,https://intl.pioneer-audiovisual.com/products/2ch_components/nc-50dab/index.php
SONY,Sony WalkmanZX-500 series,Portable Players,https://www.sony.co.uk/electronics/walkman/nw-zx500-series
SONY,Sony WalkmanNW-A100 series,Portable Players,https://www.sony.co.uk/electronics/walkman/nw-a100-series
SONY, Sony  DMP-Z1,Portable Player,https://www.sony.com/electronics/walkman/dmp-z1
SONY, SonyNW-A50 series,Portable Players,https://www.sony-asia.com/electronics/walkman/nw-a50-series
SONY, Sony NW-ZX300,Portable Player,http://www.sony.co.uk/electronics/walkman/nw-zx300
SONY, SonyNW-WM1A,Portable Player,https://www.sony.com/electronics/walkman/nw-wm1a
SONY,  SonyNW-A40 series,Portable Players,https://www.sony.co.uk/electronics/walkman/nw-a40-series
SONY,SonyNW-WM1Z,Portable Player,https://www.sony.com/electronics/walkman/nw-wm1z
AUDIOLAB, Audiolab 8300CDQ,DAC,https://www.audiolab.co.uk/6000cdq/
BEL CANTO DESIGN,Bel Canto e1X series,DACs,http://www.belcantodesign.com/home/e1x/
BEL CANTO DESIGN,Bel Canto e.One Stream,Network Streamer,http://www.belcantodesign.com/home/eone/stream/
BEL CANTO DESIGN,Bel CantoBlack EX series,DAC,http://www.belcantodesign.com/home/black-ex/
BEL CANTO DESIGN,Bel Canto ACI 600,Integrated Amplifier,http://www.belcantodesign.com/home/black/integrated/
BERKELEY AUDIO DESIGN, Berkeley Alpha DAC Reference Series 3,DAC,http://www.berkeleyaudiodesign.com/alpha-dac-reference-series-3
BRINKMANN, Brinkmann Nyquist,DAC,http://www.brinkmann-audio.com/main.php?prod=nyquist&lang=en
CANEVER AUDIO,CanEVER ZeroUno series,DAC,http://www.canever.eu/1/zerouno_hpa_1433189.html
Cocktail Audio | Novafidelity, cocktailAudio X45,Network Streamer & Music Server,http://www.cocktailaudio.com/home/sub01_02.php
Cocktail Audio | Novafidelity,cocktail Audio X45Pro,Reference-level Music Server & DAC,http://www.cocktailaudio.com/home/sub01_09.php
Cocktail Audio | Novafidelity, cocktail Audio X35,All-In-One Music Player,http://www.cocktailaudio.com/home/sub01_05.php
Cocktail Audio | Novafidelity, cocktailAudio X50D,Digital Music Server,http://www.cocktailaudio.com/home/sub01.php
Cocktail Audio | Novafidelity, cocktailAudio N15D,Network Adapter & DAC,http://www.cocktailaudio.com/home/sub01_04.php
Cocktail Audio | Novafidelity, cocktailAudio X14,All-in-One HD Hi-Fi Music Player,http://www.cocktailaudio.com/home/sub01_10.php
dCS, dCS Vivaldi DAC & Upsampler,DACs,https://dcsltd.a.cdnify.io/products/vivaldi-dac/keyfeatures
dCS, dCS Bartok,DAC,https://www.dcsltd.co.uk/products/bartok-headphone-dac-amplifier/
dCS, dCS Network Bridge,Network Streamer,https://www.dcsltd.co.uk/products/network-bridge/keyfeatures
dCS, dCS Vivaldi One,DAC,https://www.dcsltd.co.uk/products/vivaldi-one/keyfeatures
dCS, dCS Rossini,DAC,https://www.dcsltd.co.uk/products/rossini-dac/keyfeatures
EMM Labs,EMM Labs DA2 V2,DAC,https://www.emmlabs.com/da2v2.php
EMM Labs,EMM Labs NS1,Network Streamer,https://www.emmlabs.com/ns1.php
EMM Labs,EMM Labs DV2,DAC,https://www.emmlabs.com/dv2.php
ESOTERIC,Esoteric Grandioso K1X,Super Audio CD player,https://www.esoteric.jp/en/product/k1x/top
ESOTERIC,Esoteric Grandioso D1X,DAC,https://www.esoteric.jp/en/product/d1x/top
ESOTERIC,Esoteric K-01XD,Super Audio CD player,https://www.esoteric.jp/en/product/k-01xd/top
ESOTERIC,Esoteric K-03XD,Super Audio CD Player,https://www.esoteric.jp/en/product/k-03xd/top
ESOTERIC,Esoteric N-01XD,Network Streamer & DAC,https://www.esoteric.jp/en/product/n-01xd/top
ESOTERIC, Esoteric N-05,Network Streamer,http://www.esoteric.jp/products/esoteric/n05/indexe.html
ESOTERIC, Esoteric N-03T,Network Audio Transport,http://www.esoteric.jp/products/esoteric/n03t/indexe.html
ESOTERIC, Esoteric N-01,Network Streamer,http://www.esoteric.jp/products/esoteric/n01/indexe.html
exaSound Audio Design,exaSound PlayPoint DM,DAC & Network Streamer,https://www.exasound.com/Products/PlayPointDM.aspx
exaSound Audio Design, exaSound e32,DAC,https://exasound.com/e32/e32DACOverview.aspx
IFI AUDIO,hip-DAC,Portable DAC,https://ifi-audio.com/products/hip-dac/
IFI AUDIO,Zen DAC,Portable DAC,https://ifi-audio.com/products/zen-dac/
IFI AUDIO, iFiPro iDSD,DAC,https://ifi-audio.com/products/pro-idsd/
IFI AUDIO, iFi series,Portable DACs,https://ifi-audio.com/products/xdsd/
Jineung,JAVS X7-DAC,DACs,http://www.jineung.co.kr/new/product/view.php?idx=26
KRELL,Krell K-300i,Integrated Amplifier,http://www.krellonline.com/integrated-amps.html
KRELL, KrellVanguard Universal,DAC,http://www.krellonline.com/sources.html
LUMIN, Lumin range,DACs & Network Players,http://www.luminmusic.com/streaming-services.html
LUMIN, Lumin range,Network Streamers,http://www.luminmusic.com/lumin-x1.html
LUMIN,Lumin U1 &U1 Mini,Streaming Transport,http://www.luminmusic.com/lumin-u1.html
M2Tech, M2Tech Young MkIII,DAC,http://lnx.m2tech.biz/products/rockstars/young-mkiii/
Mark Levinson,Mark Levinson No5805&5802,Integrated Amplifiers,https://www.marklevinson.com/products/integrated-amplifiers/
Mark Levinson,Mark Levinson No519,Network Streamer & DAC,https://www.marklevinson.com/products/players/NO519-.html?cgid=players&dwvar_NO519-_color=Black-GLOBAL-Current
Matrix Audio,Matrix Audiomini-i Pro 3,Network Streamer,https://www.matrix-digi.com/en/products/489.html
Matrix Audio,Matrix Audioelement X,Network Streamer,https://matrix-digi.com/en/products/321.html
Matrix Audio,Matrix Audioelement M,Network Streamer,https://matrix-digi.com/en/products/398.html
Matrix Audio,Matrix Audioelement P,Network Streamer,https://matrix-digi.com/en/products/320.html
Matrix Audio, X-Sabre Pro(MQA),DAC,http://www.matrix-digi.com/en/products/319.html
MERIDIAN AUDIO, Meridian 210,Network Streamer,https://www.meridian-audio.com/products/streamers/210/
MERIDIAN AUDIO, Meridian range,DACs,https://www.meridian-audio.com/products/dacs/
MERIDIAN AUDIO, Meridian range,Speakers,https://www.meridian-audio.com/products/loudspeakers/
MERIDIAN AUDIO, Meridian 808v6,CD Player,https://www.meridian-audio.com/product-support/earlier-products/reference-series/reference-808/
MERIDIAN AUDIO,Meridian range,Pre-amplifiers,https://www.meridian-audio.com/products/digital-pre-amp/
MOON BY SIMAUDIO,MOON 680D,Streaming DAC,https://simaudio.com/en/product/680d-streaming-dac/?v=445d337b5cd5
MOON BY SIMAUDIO, MOON 390,Network player & Preamplifier,https://simaudio.com/en/product/390-network-player-preamplifier/
MOON BY SIMAUDIO, MOON 780D,Streaming DAC,https://simaudio.com/en/product/780d-streaming-dac/
MOON BY SIMAUDIO, MOON 280D,Streaming DAC,https://simaudio.com/en/product/280d-streaming-dac/
MOON BY SIMAUDIO, MOON ACE,All-in-One Music Player,https://simaudio.com/en/product/ace-all-in-one-music-player/
MSB TECHNOLOGY, MSB,DACs,https://www.msbtechnology.com/dacs/
MYTEK, Mytek,DACs,https://mytekdigital.com/
NAD, NAD range,DACs,https://nadelectronics.com/products/dacs/
NAD,NAD range,Network Streamers,https://nadelectronics.com/products/masters/
NAD, NAD range,Integrated Amplifiers,https://nadelectronics.com/en_GB/products/all-amplifiers/integrated-amplifiers/
NAD, NAD CI720,Network Stereo Zone Amplifier,https://nadelectronics.com/en_GB/product/ci-720-network-stereo-zone-amplifier/
NuPrime Audio, NuPrimeEvolution DAC,DACs,https://nuprimeaudio.com/product/evo-dac/?v=79cba1185463
PALAB,PALAB DAC-M1,DAC,http://www.palabaudio.com/products.html
PRO-JECT AUDIO SYSTEMS, Pro-Ject DAC Box RS2,DAC,https://www.project-audio.com/de/produkt/dac-box-rs2/
PRO-JECT AUDIO SYSTEMS, Pro-JectPre Box RS2 Digital,DAC & Headphone Amp,https://www.project-audio.com/en/product/pre-box-rs2-digital/
PRO-JECT AUDIO SYSTEMS, Pro-JectPre Box S2 Digital,DAC,https://www.project-audio.com/en/product/pre-box-s2-digital/
PS Audio, PS AudioDirectStream series,DACs,https://www.psaudio.com/directstream-dac/
PureAudio, PureAudio Lotus DAC5,DAC,http://www.pureaudiolab.com/
S.M.S.L,S.M.S.L M400,DAC,https://www.smsl-audio.com/portal/product/detail/id/547.html
S.M.S.L,S.M.S.L M500,DAC,https://www.smsl-audio.com/portal/product/detail/id/546.html
Sonnet Digital Audio, SonnetMorpheus DAC,DAC,https://www.sonnet-audio.com/Accessories.html
TEAC, TEAC NR-7CD,Network Streamer &CD Player,http://www.teac-audio.eu/en/products/nr-7cd-135846.html
TEAC,TEAC NT-505,Network Player &USB DAC,http://www.teac-audio.eu/en/products/nt-505-149454.html
Topping Audio,Topping D90,DACs,http://www.tpdz.net/productinfo/398270.html
WADAX, Wadax Atlantis DAC,DAC,http://www.wadax.eu/?q=atlantis/dac
AUDIOQUEST,DragonFly Cobalt,Portable DACs,https://www.audioquest.com/page/aq-dragonfly-series.html
AUDIOQUEST,DragonFly Red & Black,Portable DACs,http://www.audioquest.com/dragonfly-series/
HELM Audio, HELM AudioBolt DAC/AMP,Portable DAC,https://helmaudio.com/products/boltdac
Highscreen,HighscreenTrueSound Pro,Portable DAC,https://hs-store.ru/product/audioadapter_Highscreen_TrueSound_Pro/
Audirect,hiliDAC atom Pro,Portable DAC,https://www.hilidac.com/product-page/atom-pro
Audirect,hiliDAC Beam 2,Portable DAC,https://www.hilidac.com/product-page/beam-2-mqa-dsd-mini-dac
Zorloo,Ztella Integrated USB-DAC Cable,Portable DAC,https://www.zorloo.com/ztella
Atoll Eléctronique,Atoll MS120,Mini-Streamer,https://www.atoll-electronique.com/en/products/mini-line/ms120gb/
Atoll Eléctronique,ST200 Signature,Network Streamer,https://www.atoll-electronique.com/en/products/streamers/streamer-st200-signature/
Atoll Eléctronique,SDA200 Signature,All-in-One,https://www.atoll-electronique.com/en/products/sda-all-in-one/streamer-sda200-signature/
AURENDER,Aurender A30,Music Server & Streamer,https://aurender.com/a30
AURENDER,Aurender A100,Music Server & Streamer,https://aurender.com/a100-1
AURENDER,Aurender A10,Music Server & Streamer,https://aurender.com/a10
AURENDER,  Aurender range,Network Streamers,https://www.aurender.com/blog/new-software-release-note-4/post/system-sw-4-5-11-36-app-2-9-3-93-189
BLUESOUND, Bluesound 2i range,Network Streamers,http://www.bluesound.com/wireless-speakers/
BLUESOUND, BluesoundPulse Soundbar 2i,Soundbar,https://www.bluesound.com/products/pulse-soundbar-2i/
BLUESOUND, Bluesound 2i range,Integrated Amplifiers,https://www.bluesound.com/wireless-components/
CARY AUDIO, Cary AudioDMS-550,Network Streamers,https://www.caryaudio.com/products/dms-550-network-audio-player/
CARY AUDIO,Cary AudioDMS-600,Network Streamers,https://www.caryaudio.com/products/dms-600-network-audio-player/
CARY AUDIO, Cary AudioAiOS,Integrated Amplifier,https://www.caryaudio.com/products/aios-all-in-one-system/
HiFi Rose,HiFi Rose RS201E,Network Streamer,https://eng.hifirose.com/RS201E-info
Magnet,Magnet Elite S,Streaming DAC,https://magnethifi.com/pages/info-elite-s
Monitor Audio,Monitro Audio IMS-4,Network Streamer,https://www.monitoraudio.com/en/product-ranges/streamers-amplifiers/ims-4/
TECHNICS, TechnicsSL-G700,CD Player,https://www.technics.com/uk/products/grand-class/network-super-audio-cd-player-sl-g700.html
TECHNICS, Technics SU-G30,Integrated Amplifier,http://www.technics.com/us/products/grand-class-g30/network-audio-amplifier-su-g30.html
TECHNICS,Technics ST-C700D,Network Streamer,http://www.technics.com/uk/products/c700/st-c700d.html
Hegel,Hegel H390,Integrated Amplifier,https://www.hegel.com/products/integrated/h390
Hegel,Hegel H590,Integrated Amplifier,https://www.hegel.com/products/integrated/h590
Rotel Electronics,Rotel MICHI P5,Control Amplifier,http://www.rotel.com/en-apac/product/p5
Dali, DALI Callisto,Wireless speakers & Sound Hub,https://www.dali-speakers.com/products/callisto/bluos-npm-1/
Luxman,Luxman D-10X,CD & Digital Player,http://www.luxman.com/product/detail.php?id=37
Luxman,Luxman D-03X,CD & Digital Player,http://www.luxman.com/product/detail.php?id=36
Control4,Control4 OS3,Home Automation,https://www.control4.com/os3
